Agno,Ticino
Cham,Zug
Le Locle,Neuchâtel
Schwyz,Schwyz
Arth,Schwyz
Prilly,Vaud
Klingnau,Aargau
Yverdon-les-Bains,Vaud
Ascona,Ticino
Buchs (SG),St. Gallen
Allschwil,Basel-Landschaft
Neuhausen am Rheinfall,Schaffhausen
Küssnacht (SZ),Schwyz
Birsfelden,Basel-Landschaft
Villars-sur-Glâne,Fribourg
Steckborn,Thurgau
Ecublens (VD),Vaud
Uznach,St. Gallen
La Tour-de-Peilz,Vaud
Bremgarten (AG),Aargau
Rolle,Vaud
Dietikon,Zürich
Chêne-Bougeries,Genève
Neunkirch,Schaffhausen
Walenstadt,St. Gallen
Wil (SG),St. Gallen
Davos,Graubünden
Diessenhofen,Thurgau
Pully,Vaud
Affoltern am Albis,Zürich
Onex,Genève
Fribourg,Fribourg
Liestal,Basel-Landschaft
Uzwil,St. Gallen
Winterthur,Zürich
Wädenswil,Zürich
Brig-Glis,Valais
St. Gallen,St. Gallen
Illnau-Effretikon,Zürich
Wiedlisbach,Bern
Bulle,Fribourg
Valangin,Neuchâtel
Vernier,Genève
Grüningen,Zürich
Freienbach,Schwyz
Rheinau,Zürich
Solothurn,Solothurn
Waldenburg,Basel-Landschaft
Les Clées,Vaud
Küsnacht (ZH),Zürich
Chur,Graubünden
Pfäffikon,Zürich
Riva San Vitale,Ticino
Grenchen,Solothurn
Greifensee,Zürich
Meilen,Zürich
Rue,Fribourg
Amriswil,Thurgau
Villeneuve (VD),Vaud
Sembrancher,Valais
Einsiedeln,Schwyz
Saillon,Valais
Romont (FR),Fribourg
La Neuveville,Bern
Muri bei Bern,Bern
Riehen,Basel-Stadt
Lausanne,Vaud
Châtel-Saint-Denis,Fribourg
Köniz,Bern
Vevey,Vaud
Brugg,Aargau
Zollikon,Zürich
Moudon,Vaud
Arbon,Thurgau
Weinfelden,Thurgau
Aarberg,Bern
Mendrisio,Ticino
Bülach,Zürich
Aubonne,Vaud
Aigle,Vaud
Grandson,Vaud
Sursee,Luzern
Wettingen,Aargau
Bellinzona,Ticino
Wohlen (AG),Aargau
Emmen,Luzern
Cossonay,Vaud
Boudry,Neuchâtel
Olten,Solothurn
Worb,Bern
Schlieren,Zürich
Bern,Bern
Stäfa,Zürich
Opfikon,Zürich
Rheinfelden,Aargau
Coppet,Vaud
Baden,Aargau
Wetzikon,Zürich
Lancy,Genève
Versoix,Genève
Aesch (BL),Basel-Landschaft
Thalwil,Zürich
Münsingen,Bern
Ilanz/Glion,Graubünden
Wallisellen,Zürich
Basel,Basel-Stadt
Morcote,Ticino
Münchenstein,Basel-Landschaft
Ebikon,Luzern
Kriens,Luzern
Avenches,Vaud
Croglio,Ticino
Steffisburg,Bern
Laufenburg,Aargau
Morges,Vaud
Nidau,Bern
Spreitenbach,Aargau
Volketswil,Zürich
Le Grand-Saconnex,Genève
Martigny,Valais
Willisau,Luzern
Gordola,Ticino
Stein am Rhein,Schaffhausen
Rheineck,St. Gallen
Horgen,Zürich
Neuchâtel,Neuchâtel
Sargans,St. Gallen
Regensdorf,Zürich
Adliswil,Zürich
Zug,Zug
Erlach,Bern
Hinwil,Zürich
Reinach (BL),Basel-Landschaft
Lyss,Bern
Losone,Ticino
Gland,Vaud
Herisau,Appenzell Ausserrhoden
Bassersdorf,Zürich
Muttenz,Basel-Landschaft
Saint-Maurice,Valais
Laufen,Basel-Landschaft
Ittigen,Bern
Frauenfeld,Thurgau
Renens,Vaud
Murten,Fribourg
Lugano,Ticino
Baar,Zug
La Chaux-de-Fonds,Neuchâtel
Richterswil,Zürich
Porrentruy,Jura
Estavayer-le-Lac,Fribourg
Sierre,Valais
Altstätten,St. Gallen
Burgdorf,Bern
Sempach,Luzern
Monthey,Valais
Aarau,Aargau
Oberwil (BL),Basel-Landschaft
Oftringen,Aargau
Wangen an der Aare,Bern
Dübendorf,Zürich
Männedorf,Zürich
Pratteln,Basel-Landschaft
Schaffhausen,Schaffhausen
Orbe,Vaud
Kloten,Zürich
Conthey,Valais
Lenzburg,Aargau
Lutry,Vaud
Echallens,Vaud
Val-de-Travers,Neuchâtel
Montreux,Vaud
Gossau (SG),St. Gallen
Laupen,Bern
Langenthal,Bern
Carouge,Genève
Huttwil,Bern
Payerne,Vaud
La Sarraz,Vaud
Zofingen,Aargau
Grandcour,Vaud
Elgg,Zürich
Ostermundigen,Bern
Aarburg,Aargau
Biel/Bienne,Bern
Eglisau,Zürich
Hermance,Genève
Thônex,Genève
Regensberg,Zürich
Spiez,Bern
Nyon,Vaud
Thun,Bern
Mellingen,Aargau
Maienfeld,Graubünden
Uster,Zürich
Kreuzlingen,Thurgau
Lichtensteig,St. Gallen
Horw,Luzern
Kaiserstuhl,Aargau
Saint-Prex,Vaud
Meyrin,Genève
Rapperswil-Jona,St. Gallen
Rüti (ZH),Zürich
Cudrefin,Vaud
Binningen,Basel-Landschaft
Delémont,Jura
Sion,Valais
Locarno,Ticino
Unterseen,Bern
Le Landeron,Neuchâtel
Bourg-Saint-Pierre,Valais
Bischofszell,Thurgau
